<?xml version="1.0" encoding="UTF-8"?>
<project-private xmlns="http://www.netbeans.org/ns/project-private/1">
    <editor-bookmarks xmlns="http://www.netbeans.org/ns/editor-bookmarks/2" lastBookmarkId="0"/>
    <open-files xmlns="http://www.netbeans.org/ns/projectui-open-files/2">
        <group>
            <file>file:/C:/Users/Estela/Documents/GitHub/BetterUPSA/BetterUpsaEAR/BetterUPSAEAR/BetterUPSAEAR-ejb/src/java/es/upsa/better/ear/ejbs/DAOBean.java</file>
            <file>file:/C:/Users/Estela/Documents/GitHub/BetterUPSA/BetterUpsaEAR/BetterUPSAEAR/BetterUPSAEAR-ejb/src/java/es/upsa/better/ear/beans/Horario.java</file>
        </group>
    </open-files>
</project-private>
